"","id","name","year","AI1303","AI1302","AI1304","AI1305","VER001","VER002","VER005","VER056"
"1",10,"Saarland",1995,102.6,62.7,6.1,628.4,6803,5094,1288,1709
"2",10,"Saarland",2000,88.2,60,6.1,602.6,6423,4784,1358,1639
"3",10,"Saarland",2005,89.2,64.1,5.2,634.9,6749,5004,1441,1745
"4",10,"Saarland",2006,84.2,61.5,5.3,604.6,6435,4691,1431,1744
"5",10,"Saarland",2007,101.3,65.9,5.9,598,6851,4787,1777,2064
"6",10,"Saarland",2008,92.7,60.9,4.2,575.8,6291,4507,1513,1784
"7",10,"Saarland",2009,86.7,58,4.4,549.9,5953,4304,1454,1649
"8",10,"Saarland",2010,80.2,54.5,4,518.3,5561,4026,1302,1535
"9",10,"Saarland",2011,81.4,57.2,4,556.8,5717,4201,1218,1516
"10",10,"Saarland",2012,79.2,56.3,3.7,532.5,5612,4142,1210,1470
"11",10,"Saarland",2013,76.5,55,3.7,505.5,5457,3860,1352,1597
"12",10,"Saarland",2014,76.9,55.9,2.9,522.5,5536,3970,1311,1566
"13",10,"Saarland",2015,74.9,55.1,3.1,524.5,5463,4013,1192,1450
"14",10,"Saarland",2016,76.4,56.7,3.4,532.2,5647,4071,1290,1576
"15",10,"Saarland",2018,71.4,54.4,3.5,491,5396,3791,0,1605
"16",10,"Saarland",2017,NA,53,4.3,481.6,5279,3732,1264,1547
"17",10,"Saarland",1996,NA,NA,NA,NA,6780,5117,1247,1663
"18",10,"Saarland",1997,NA,NA,NA,NA,6571,5015,1200,1556
"19",10,"Saarland",1998,NA,NA,NA,NA,6786,5189,1274,1597
"20",10,"Saarland",1999,NA,NA,NA,NA,7000,5306,1343,1694
"21",10,"Saarland",2001,NA,NA,NA,NA,6771,4999,1432,1772
"22",10,"Saarland",2002,NA,NA,NA,NA,6726,4988,1431,1738
"23",10,"Saarland",2003,NA,NA,NA,NA,6919,4938,1615,1981
"24",10,"Saarland",2004,NA,NA,NA,NA,6924,4999,1566,1925
"25",11,"Berlin",1995,167.3,67,4.1,592.2,23252,17098,3718,6154
"26",11,"Berlin",2000,135.6,57.1,2.6,575,19324,16186,1421,3138
"27",11,"Berlin",2005,112.5,47,2,483.7,15940,13841,1136,2099
"28",11,"Berlin",2006,114.1,47.7,2.2,490.7,16220,13988,1204,2232
"29",11,"Berlin",2007,132.1,49.2,1.6,506.2,16768,14511,1233,2257
"30",11,"Berlin",2008,134.8,49.9,1.6,514.8,17080,14897,1205,2183
"31",11,"Berlin",2009,122.3,45.8,1.4,470.6,15742,13728,1104,2014
"32",11,"Berlin",2010,110.6,41.9,1.3,428.1,14434,12561,1043,1873
"33",11,"Berlin",2011,121.7,48.9,1.6,511.1,16148,14288,1088,1860
"34",11,"Berlin",2012,119.8,48.1,1.3,503,16117,14266,1036,1851
"35",11,"Berlin",2013,114.9,45.7,1.1,480.1,15545,13773,948,1772
"36",11,"Berlin",2014,120.2,47.7,1.5,506.1,16449,14736,990,1713
"37",11,"Berlin",2015,121,48,1.4,509.1,16793,14976,1143,1817
"38",11,"Berlin",2016,117.1,46.5,1.6,488.7,16513,14686,1032,1827
"39",11,"Berlin",2018,117.9,46.6,1.2,500.7,16908,15122,0,1786
"40",11,"Berlin",2017,NA,46,1,483.7,16532,14493,1233,2039
"41",11,"Berlin",1996,NA,NA,NA,NA,21791,16083,3178,5708
"42",11,"Berlin",1997,NA,NA,NA,NA,21206,16942,2160,4264
"43",11,"Berlin",1998,NA,NA,NA,NA,18788,15494,1539,3294
"44",11,"Berlin",1999,NA,NA,NA,NA,19703,16600,1473,3103
"45",11,"Berlin",2001,NA,NA,NA,NA,17592,14798,1311,2794
"46",11,"Berlin",2002,NA,NA,NA,NA,17211,14573,1174,2638
"47",11,"Berlin",2003,NA,NA,NA,NA,16272,13953,1076,2319
"48",11,"Berlin",2004,NA,NA,NA,NA,16027,13734,1214,2293
"49",12,"Brandenburg",1995,181,99.7,30.2,855.3,25324,16499,6959,8825
"50",12,"Brandenburg",2000,118.7,73.7,16.3,680.9,19178,13830,4290,5348
"51",12,"Brandenburg",2005,80.8,54.2,10.5,504,13888,10307,2899,3581
"52",12,"Brandenburg",2006,75.2,51.2,10.3,483,13068,9854,2584,3214
"53",12,"Brandenburg",2007,82.9,50.2,10.4,469.3,12768,9581,2556,3187
"54",12,"Brandenburg",2008,76.5,46.8,8.8,421.8,11837,8690,2608,3147
"55",12,"Brandenburg",2009,75.3,46.9,8,425,11805,8613,2695,3192
"56",12,"Brandenburg",2010,80.8,51.1,7.7,411.5,12809,8179,4138,4630
"57",12,"Brandenburg",2011,73.4,47.9,7.6,420.2,11765,8395,2922,3370
"58",12,"Brandenburg",2012,74.2,48.9,6.8,421.3,11984,8280,3262,3704
"59",12,"Brandenburg",2013,74,49.2,6.9,420.1,12059,8225,3374,3834
"60",12,"Brandenburg",2014,70.6,47.4,5.7,438.4,11641,8419,2756,3222
"61",12,"Brandenburg",2015,69.4,47,7.2,438,11617,8579,2609,3038
"62",12,"Brandenburg",2016,73,49.9,4.9,454.9,12429,8965,2999,3464
"63",12,"Brandenburg",2018,69.5,48.7,5.7,466.8,12225,9085,0,3140
"64",12,"Brandenburg",2017,NA,49.2,5.9,455.2,12288,8891,2936,3397
"65",12,"Brandenburg",1996,NA,NA,NA,NA,23852,15659,6395,8193
"66",12,"Brandenburg",1997,NA,NA,NA,NA,22538,15541,5365,6997
"67",12,"Brandenburg",1998,NA,NA,NA,NA,20666,14410,5029,6256
"68",12,"Brandenburg",1999,NA,NA,NA,NA,20792,14835,4798,5957
"69",12,"Brandenburg",2001,NA,NA,NA,NA,18177,13029,4118,5148
"70",12,"Brandenburg",2002,NA,NA,NA,NA,16019,11738,3426,4281
"71",12,"Brandenburg",2003,NA,NA,NA,NA,14945,11179,3015,3766
"72",12,"Brandenburg",2004,NA,NA,NA,NA,14063,10355,3010,3708
"73",13,"Mecklenburg-Vorpommern",1995,194.1,97.9,27.3,766.6,17903,10646,5868,7257
"74",13,"Mecklenburg-Vorpommern",2000,136.1,79.5,20.5,708.2,14169,9698,3463,4471
"75",13,"Mecklenburg-Vorpommern",2005,103.9,64.9,11.6,547,11109,7463,2993,3646
"76",13,"Mecklenburg-Vorpommern",2006,94.4,60,10.9,518.6,10206,6903,2685,3303
"77",13,"Mecklenburg-Vorpommern",2007,104.1,58.4,8.6,514.9,9858,6781,2516,3077
"78",13,"Mecklenburg-Vorpommern",2008,96.9,55.2,7.9,490.3,9223,6421,2262,2802
"79",13,"Mecklenburg-Vorpommern",2009,93.4,54.4,9.4,470.7,9005,6229,2254,2776
"80",13,"Mecklenburg-Vorpommern",2010,80,47.4,6.6,406.5,7804,5301,2042,2503
"81",13,"Mecklenburg-Vorpommern",2011,76.2,46.5,8.9,425.6,7498,5469,1573,2029
"82",13,"Mecklenburg-Vorpommern",2012,73.4,45.3,5.2,406.6,7262,5212,1605,2050
"83",13,"Mecklenburg-Vorpommern",2013,72.8,45.3,5,415.4,7233,5189,1632,2044
"84",13,"Mecklenburg-Vorpommern",2014,68.5,43,5.8,405.6,6871,5100,1401,1771
"85",13,"Mecklenburg-Vorpommern",2015,70.2,44.4,5.8,431.6,7124,5407,1331,1717
"86",13,"Mecklenburg-Vorpommern",2016,68.3,43.6,5.5,437.2,7022,5422,1222,1600
"87",13,"Mecklenburg-Vorpommern",2018,66.5,43.5,5.3,435.4,7013,5328,0,1685
"88",13,"Mecklenburg-Vorpommern",2017,NA,43.5,4.9,423.1,7005,5258,1393,1747
"89",13,"Mecklenburg-Vorpommern",1996,NA,NA,NA,NA,17101,10506,5258,6595
"90",13,"Mecklenburg-Vorpommern",1997,NA,NA,NA,NA,16446,10746,4415,5700
"91",13,"Mecklenburg-Vorpommern",1998,NA,NA,NA,NA,15677,10470,4169,5207
"92",13,"Mecklenburg-Vorpommern",1999,NA,NA,NA,NA,15814,10702,4019,5112
"93",13,"Mecklenburg-Vorpommern",2001,NA,NA,NA,NA,13814,9111,3783,4703
"94",13,"Mecklenburg-Vorpommern",2002,NA,NA,NA,NA,13081,8550,3679,4531
"95",13,"Mecklenburg-Vorpommern",2003,NA,NA,NA,NA,12420,8236,3381,4184
"96",13,"Mecklenburg-Vorpommern",2004,NA,NA,NA,NA,11445,7530,3153,3915
"97",14,"Sachsen",1995,150.5,79,14.2,572.8,36141,20478,12597,15663
"98",14,"Sachsen",2000,103.6,60.9,10,574.2,27050,19606,5806,7444
"99",14,"Sachsen",2005,88.6,55.7,6.8,472.9,23842,15922,6636,7920
"100",14,"Sachsen",2006,84.8,54.1,6.5,463.5,23052,15601,6297,7451
"101",14,"Sachsen",2007,94.8,53.7,5.6,473.7,22755,15767,5875,6988
"102",14,"Sachsen",2008,87.7,50.1,5.8,447.2,21089,14807,5288,6282
"103",14,"Sachsen",2009,83.8,48.7,4.6,431.9,20354,14252,5234,6102
"104",14,"Sachsen",2010,78.2,46.1,4,395.7,19155,12955,5364,6200
"105",14,"Sachsen",2011,78.5,47.7,4.8,431.4,19371,13853,4766,5518
"106",14,"Sachsen",2012,78.6,48.1,5.2,418.7,19475,13633,5029,5842
"107",14,"Sachsen",2013,74.7,45.9,4.7,399.9,18591,12955,4838,5636
"108",14,"Sachsen",2014,73.2,45.3,4.5,416,18335,13351,4244,4984
"109",14,"Sachsen",2015,72.6,45.1,4.7,418.5,18369,13504,4119,4865
"110",14,"Sachsen",2016,72.8,45.6,4,423.7,18605,13643,4250,4962
"111",14,"Sachsen",2018,70.8,45.2,4.9,429.8,18447,13842,0,4605
"112",14,"Sachsen",2017,NA,44.1,3.6,412.8,18017,13241,4051,4776
"113",14,"Sachsen",1996,NA,NA,NA,NA,32443,20434,9237,12009
"114",14,"Sachsen",1997,NA,NA,NA,NA,29646,19921,7305,9725
"115",14,"Sachsen",1998,NA,NA,NA,NA,27776,19350,6453,8426
"116",14,"Sachsen",1999,NA,NA,NA,NA,28721,20510,6353,8211
"117",14,"Sachsen",2001,NA,NA,NA,NA,26015,18614,5962,7401
"118",14,"Sachsen",2002,NA,NA,NA,NA,25931,17598,6944,8333
"119",14,"Sachsen",2003,NA,NA,NA,NA,25840,17290,7146,8550
"120",14,"Sachsen",2004,NA,NA,NA,NA,24300,15834,7208,8466
"121",15,"Sachsen-Anhalt",1995,168.3,85.1,19.9,677.9,23414,14451,6812,8963
"122",15,"Sachsen-Anhalt",2000,119.3,68.7,13.1,612.8,18101,12650,4180,5451
"123",15,"Sachsen-Anhalt",2005,98.3,61.2,9.7,528,15197,10444,3855,4753
"124",15,"Sachsen-Anhalt",2006,92.3,58.6,8.9,519.4,14389,10111,3480,4278
"125",15,"Sachsen-Anhalt",2007,103.4,59,8.8,539.5,14312,10178,3392,4134
"126",15,"Sachsen-Anhalt",2008,96.8,55.9,9.3,503.8,13403,9636,3049,3767
"127",15,"Sachsen-Anhalt",2009,90.8,53.5,6.9,479.8,12660,8952,3052,3708
"128",15,"Sachsen-Anhalt",2010,86.9,52,6.7,444,12193,8174,3395,4019
"129",15,"Sachsen-Anhalt",2011,82.3,50.8,7.9,462.6,11616,8395,2639,3221
"130",15,"Sachsen-Anhalt",2012,81.7,50.9,6.2,455.5,11545,8223,2754,3322
"131",15,"Sachsen-Anhalt",2013,80.8,50.8,6.2,451,11438,8083,2804,3355
"132",15,"Sachsen-Anhalt",2014,79.4,50.4,6.2,467.6,11298,8246,2564,3052
"133",15,"Sachsen-Anhalt",2015,77.4,49.5,6.5,468.2,11095,8213,2430,2882
"134",15,"Sachsen-Anhalt",2016,73.9,47.7,5.9,469.2,10679,8162,2019,2517
"135",15,"Sachsen-Anhalt",2018,66.6,44.1,6.3,465,9781,7955,0,1826
"136",15,"Sachsen-Anhalt",2017,NA,45,5.9,466.6,10030,8055,1551,1975
"137",15,"Sachsen-Anhalt",1996,NA,NA,NA,NA,22696,14312,6405,8384
"138",15,"Sachsen-Anhalt",1997,NA,NA,NA,NA,21093,14125,5233,6968
"139",15,"Sachsen-Anhalt",1998,NA,NA,NA,NA,20020,13556,4916,6464
"140",15,"Sachsen-Anhalt",1999,NA,NA,NA,NA,19916,13683,4760,6233
"141",15,"Sachsen-Anhalt",2001,NA,NA,NA,NA,16890,11620,4149,5270
"142",15,"Sachsen-Anhalt",2002,NA,NA,NA,NA,15661,11145,3503,4516
"143",15,"Sachsen-Anhalt",2003,NA,NA,NA,NA,15439,10900,3540,4539
"144",15,"Sachsen-Anhalt",2004,NA,NA,NA,NA,14764,10400,3555,4364
"145",16,"Thüringen",1995,145.8,78.2,16.3,637.7,19644,11937,6382,7707
"146",16,"Thüringen",2000,106.1,64.3,13.3,629,15701,11417,3444,4284
"147",16,"Thüringen",2005,85.1,55.5,8.4,495.5,13005,8893,3381,4112
"148",16,"Thüringen",2006,79.4,52.8,9.3,478.2,12266,8539,3078,3727
"149",16,"Thüringen",2007,91.2,54.1,8.1,488.7,12445,8588,3191,3857
"150",16,"Thüringen",2008,82,49.2,8.1,449.4,11219,7893,2694,3326
"151",16,"Thüringen",2009,80.2,49,6.6,427.8,11070,7456,3041,3614
"152",16,"Thüringen",2010,74.4,46.2,5.4,391.8,10349,6769,3059,3580
"153",16,"Thüringen",2011,71.9,46.1,6.9,419.7,10091,7114,2471,2977
"154",16,"Thüringen",2012,68.8,44.6,5.8,393.1,9700,6674,2506,3026
"155",16,"Thüringen",2013,64.3,41.9,5.6,369.2,9082,6296,2329,2786
"156",16,"Thüringen",2014,63.5,41.8,5.6,388.7,9025,6591,2033,2434
"157",16,"Thüringen",2015,65.1,43,5.3,414.9,9309,6870,2029,2439
"158",16,"Thüringen",2016,62.9,42,4.8,398.6,9081,6700,1956,2381
"159",16,"Thüringen",2018,61,41.7,4.7,403.4,8945,6757,0,2188
"160",16,"Thüringen",2017,NA,42.2,5.1,400.7,9086,6587,2084,2499
"161",16,"Thüringen",1996,NA,NA,NA,NA,18697,12012,5479,6685
"162",16,"Thüringen",1997,NA,NA,NA,NA,17704,11986,4409,5718
"163",16,"Thüringen",1998,NA,NA,NA,NA,16927,11760,4168,5167
"164",16,"Thüringen",1999,NA,NA,NA,NA,17213,12238,3984,4975
"165",16,"Thüringen",2001,NA,NA,NA,NA,15067,10882,3362,4185
"166",16,"Thüringen",2002,NA,NA,NA,NA,13510,9949,2789,3561
"167",16,"Thüringen",2003,NA,NA,NA,NA,13683,9867,3103,3816
"168",16,"Thüringen",2004,NA,NA,NA,NA,13389,9306,3377,4083
"169",1,"Schleswig-Holstein",1995,121.4,73.8,9.9,760.1,20056,15592,3544,4464
"170",1,"Schleswig-Holstein",2000,99.8,65.5,8,674,18236,14406,3105,3830
"171",1,"Schleswig-Holstein",2005,84.9,57.7,5.2,585.6,16327,13033,2795,3294
"172",1,"Schleswig-Holstein",2006,79.6,54.6,6.1,554.9,15454,12400,2588,3054
"173",1,"Schleswig-Holstein",2007,92.3,56,5.5,575.2,15875,12740,2628,3135
"174",1,"Schleswig-Holstein",2008,88.8,54.2,5.3,553.8,15360,12369,2510,2991
"175",1,"Schleswig-Holstein",2009,85.9,53.3,4.9,545.7,15091,12061,2528,3030
"176",1,"Schleswig-Holstein",2010,79.6,50.2,3.8,501.9,14218,10974,2803,3244
"177",1,"Schleswig-Holstein",2011,80.7,52.3,4.3,545.7,14655,11793,2419,2862
"178",1,"Schleswig-Holstein",2012,78.6,51.6,3.9,532.4,14457,11682,2353,2775
"179",1,"Schleswig-Holstein",2013,78.1,51.7,3.7,543.1,14528,11757,2357,2771
"180",1,"Schleswig-Holstein",2014,79,52.8,4.3,566.2,14908,12404,2056,2504
"181",1,"Schleswig-Holstein",2015,79.9,54,3.8,575.7,15371,12695,2249,2676
"182",1,"Schleswig-Holstein",2016,78.6,53.7,4,574.1,15403,12783,2187,2620
"183",1,"Schleswig-Holstein",2018,73.2,51.3,4.2,550,14829,12324,0,2505
"184",1,"Schleswig-Holstein",2017,NA,52.4,3.5,559.8,15127,12528,2214,2599
"185",1,"Schleswig-Holstein",1996,NA,NA,NA,NA,18240,14307,2996,3933
"186",1,"Schleswig-Holstein",1997,NA,NA,NA,NA,18379,14549,2947,3830
"187",1,"Schleswig-Holstein",1998,NA,NA,NA,NA,18249,14376,3136,3873
"188",1,"Schleswig-Holstein",1999,NA,NA,NA,NA,18860,14979,3185,3881
"189",1,"Schleswig-Holstein",2001,NA,NA,NA,NA,17483,13950,2845,3533
"190",1,"Schleswig-Holstein",2002,NA,NA,NA,NA,17695,14072,3028,3623
"191",1,"Schleswig-Holstein",2003,NA,NA,NA,NA,16986,13561,2866,3425
"192",1,"Schleswig-Holstein",2004,NA,NA,NA,NA,16268,12827,2877,3441
"193",2,"Hamburg",1995,150.2,70.8,2.7,712.1,12079,9323,1981,2756
"194",2,"Hamburg",2000,131.9,72.7,2.4,728.2,12430,9684,2114,2746
"195",2,"Hamburg",2005,116.7,64.4,2.5,641.5,11201,8788,1991,2413
"196",2,"Hamburg",2006,110.8,60.6,1.6,588.2,10591,8190,1977,2401
"197",2,"Hamburg",2007,134.7,62.5,1.7,600.2,11016,8426,2186,2590
"198",2,"Hamburg",2008,137.3,63.4,2.3,603.2,11232,8594,2206,2638
"199",2,"Hamburg",2009,127.7,59.1,1.9,562.8,10517,8022,2115,2495
"200",2,"Hamburg",2010,114.1,53.5,1.2,515.3,9528,7217,1987,2311
"201",2,"Hamburg",2011,120,59,2,569.5,10101,7704,2003,2397
"202",2,"Hamburg",2012,118.2,58.2,1.9,569.6,10050,7691,1958,2359
"203",2,"Hamburg",2013,115.1,56.6,1.5,541.5,9857,7443,2059,2414
"204",2,"Hamburg",2014,116.5,57.5,2.2,563,10088,7787,1921,2301
"205",2,"Hamburg",2015,116.5,57.8,1.1,568,10252,7881,2030,2371
"206",2,"Hamburg",2016,115.7,57.4,1.6,544.8,10325,7795,2138,2530
"207",2,"Hamburg",2018,108.5,54.4,1.6,527.9,9995,7677,0,2318
"208",2,"Hamburg",2017,NA,55.5,1.5,526.4,10097,7572,2169,2525
"209",2,"Hamburg",1996,NA,NA,NA,NA,11374,8827,1775,2547
"210",2,"Hamburg",1997,NA,NA,NA,NA,11738,9186,1789,2552
"211",2,"Hamburg",1998,NA,NA,NA,NA,11781,9264,1869,2517
"212",2,"Hamburg",1999,NA,NA,NA,NA,12255,9566,2055,2689
"213",2,"Hamburg",2001,NA,NA,NA,NA,11978,9410,1972,2568
"214",2,"Hamburg",2002,NA,NA,NA,NA,11757,9383,1782,2374
"215",2,"Hamburg",2003,NA,NA,NA,NA,11302,9058,1702,2244
"216",2,"Hamburg",2004,NA,NA,NA,NA,11038,8755,1770,2283
"217",3,"Niedersachsen",1995,113.8,69.1,13.5,703.1,53512,40952,10278,12560
"218",3,"Niedersachsen",2000,95.2,63.2,11.5,673,49973,40184,7990,9789
"219",3,"Niedersachsen",2005,79.1,53.7,8.8,565.3,42946,35047,6298,7899
"220",3,"Niedersachsen",2006,75.5,51.9,7.8,545.7,41440,33961,5953,7479
"221",3,"Niedersachsen",2007,87.4,53.4,7.9,567.4,42596,35036,6086,7560
"222",3,"Niedersachsen",2008,84.9,52.2,7.5,552.9,41562,34318,5820,7244
"223",3,"Niedersachsen",2009,83.1,52,6.8,548.2,41252,33770,6051,7482
"224",3,"Niedersachsen",2010,75.1,47.8,6,495.1,37890,30429,6212,7461
"225",3,"Niedersachsen",2011,74.9,49.6,6.9,524.7,38535,31926,5207,6609
"226",3,"Niedersachsen",2012,74.8,50.2,6.2,534.5,39059,32230,5442,6829
"227",3,"Niedersachsen",2013,71.2,48.5,5.3,518.5,37750,31206,5169,6544
"228",3,"Niedersachsen",2014,73,50.3,5.7,550.3,39296,33011,4890,6285
"229",3,"Niedersachsen",2015,72.5,50.5,5.8,545.2,39743,33247,5106,6496
"230",3,"Niedersachsen",2016,70.2,49.4,5.2,535.1,39171,32724,4968,6447
"231",3,"Niedersachsen",2018,68.1,49.2,5.2,531.2,39233,32944,0,6289
"232",3,"Niedersachsen",2017,NA,49.7,5.1,537,39538,32879,5186,6659
"233",3,"Niedersachsen",1996,NA,NA,NA,NA,51909,39490,10000,12419
"234",3,"Niedersachsen",1997,NA,NA,NA,NA,51427,39881,9229,11546
"235",3,"Niedersachsen",1998,NA,NA,NA,NA,49357,39290,8244,10067
"236",3,"Niedersachsen",1999,NA,NA,NA,NA,50794,41030,8030,9764
"237",3,"Niedersachsen",2001,NA,NA,NA,NA,48921,39236,8042,9685
"238",3,"Niedersachsen",2002,NA,NA,NA,NA,46883,38120,7164,8763
"239",3,"Niedersachsen",2003,NA,NA,NA,NA,44202,36182,6519,8020
"240",3,"Niedersachsen",2004,NA,NA,NA,NA,41723,33885,6393,7838
"241",4,"Bremen",1995,138.2,66.7,5.3,611.3,4538,3438,825,1100
"242",4,"Bremen",2000,125.5,64,3.5,626.5,4233,3463,557,770
"243",4,"Bremen",2005,104.9,53.3,2.4,540.3,3533,3059,335,474
"244",4,"Bremen",2006,108,54.5,2.4,549.9,3622,3097,461,525
"245",4,"Bremen",2007,122.5,55.1,2.9,544.2,3653,3112,462,541
"246",4,"Bremen",2008,123.8,55.9,1.8,568.4,3704,3133,399,571
"247",4,"Bremen",2009,125.7,57.3,2,569.8,3788,3177,410,611
"248",4,"Bremen",2010,107.9,49.9,2,519.7,3296,2861,286,435
"249",4,"Bremen",2011,112.9,53.9,2.3,576.4,3513,3146,178,367
"250",4,"Bremen",2012,115.3,55.5,2.6,603.1,3630,3259,185,371
"251",4,"Bremen",2013,112.6,54.6,1.2,593.7,3580,3232,182,348
"252",4,"Bremen",2014,132.9,64.9,1.8,595.6,4281,3341,807,940
"253",4,"Bremen",2015,122.5,60.1,2.5,602.7,4009,3367,494,642
"254",4,"Bremen",2016,113.9,56.3,1.9,565.1,3803,3187,449,616
"255",4,"Bremen",2018,119.8,59.2,0.9,602.9,4040,3395,0,645
"256",4,"Bremen",2017,NA,57.8,1.9,576.3,3929,3241,499,688
"257",4,"Bremen",1996,NA,NA,NA,NA,3973,3096,565,877
"258",4,"Bremen",1997,NA,NA,NA,NA,4229,3373,542,856
"259",4,"Bremen",1998,NA,NA,NA,NA,4208,3352,557,856
"260",4,"Bremen",1999,NA,NA,NA,NA,4476,3594,613,882
"261",4,"Bremen",2001,NA,NA,NA,NA,4133,3352,562,781
"262",4,"Bremen",2002,NA,NA,NA,NA,4071,3383,506,688
"263",4,"Bremen",2003,NA,NA,NA,NA,3831,3147,455,684
"264",4,"Bremen",2004,NA,NA,NA,NA,3710,3119,421,591
"265",5,"Nordrhein-Westfalen",1995,105.9,59.7,7.6,558.4,106548,77849,22098,28699
"266",5,"Nordrhein-Westfalen",2000,94.6,57.7,5.9,527.7,103812,74632,24075,29180
"267",5,"Nordrhein-Westfalen",2005,82,51.9,4.8,460.5,93797,67033,22597,26764
"268",5,"Nordrhein-Westfalen",2006,78.8,50.5,4.1,452.7,91081,65297,21841,25784
"269",5,"Nordrhein-Westfalen",2007,92.1,52.6,4.1,472.9,94735,68190,22275,26545
"270",5,"Nordrhein-Westfalen",2008,86.6,49.8,3.9,446.1,89391,64515,20722,24876
"271",5,"Nordrhein-Westfalen",2009,83.2,48.5,3.5,439.5,86727,63209,19659,23518
"272",5,"Nordrhein-Westfalen",2010,76.2,45.1,3.1,408.9,80562,58130,18690,22432
"273",5,"Nordrhein-Westfalen",2011,77,47.1,3.6,444.7,82615,62055,16772,20560
"274",5,"Nordrhein-Westfalen",2012,73.3,45.3,3,427.4,79572,59658,16119,19914
"275",5,"Nordrhein-Westfalen",2013,69.1,43.2,2.7,410.6,75785,57217,14912,18568
"276",5,"Nordrhein-Westfalen",2014,66.4,42,3,437.1,73980,60472,10009,13508
"277",5,"Nordrhein-Westfalen",2015,63.9,40.8,2.9,429.6,72356,60131,8744,12225
"278",5,"Nordrhein-Westfalen",2016,66.3,42.8,2.9,442.3,76540,62055,10868,14485
"279",5,"Nordrhein-Westfalen",2018,66,43.8,2.7,444.2,78472,62734,0,15738
"280",5,"Nordrhein-Westfalen",2017,NA,42.8,2.7,432.2,76579,60389,12437,16190
"281",5,"Nordrhein-Westfalen",1996,NA,NA,NA,NA,100557,73085,21072,27472
"282",5,"Nordrhein-Westfalen",1997,NA,NA,NA,NA,102555,75510,20841,27045
"283",5,"Nordrhein-Westfalen",1998,NA,NA,NA,NA,102135,74392,22081,27743
"284",5,"Nordrhein-Westfalen",1999,NA,NA,NA,NA,106740,78181,23111,28559
"285",5,"Nordrhein-Westfalen",2001,NA,NA,NA,NA,102789,73348,24403,29441
"286",5,"Nordrhein-Westfalen",2002,NA,NA,NA,NA,98994,70287,23918,28707
"287",5,"Nordrhein-Westfalen",2003,NA,NA,NA,NA,97234,69904,22645,27330
"288",5,"Nordrhein-Westfalen",2004,NA,NA,NA,NA,95948,67929,23665,28019
"289",6,"Hessen",1995,105.9,65.9,10.4,612.5,39524,27200,10100,12324
"290",6,"Hessen",2000,90.6,61.2,8.9,599.7,37090,26988,8184,10102
"291",6,"Hessen",2005,79,55.4,6,544.7,33750,24843,8073,8907
"292",6,"Hessen",2006,79.1,55.7,6.2,529.1,33846,24258,8062,9588
"293",6,"Hessen",2007,89.6,56.9,6.1,535.8,34560,24745,8233,9815
"294",6,"Hessen",2008,82.8,52.7,5.2,495.7,31985,23139,7329,8846
"295",6,"Hessen",2009,80.2,51.6,5.1,491.4,31311,22687,7212,8624
"296",6,"Hessen",2010,75.1,49,4.1,459.6,29737,21075,7295,8662
"297",6,"Hessen",2011,76.6,51.5,4.4,497.2,30826,22461,7028,8365
"298",6,"Hessen",2012,73.3,49.7,4.6,477.9,29823,21609,6894,8214
"299",6,"Hessen",2013,70.6,48.1,3.6,456.2,28979,20522,7190,8457
"300",6,"Hessen",2014,69.9,47.9,3.7,463.9,29059,21220,6615,7839
"301",6,"Hessen",2015,68.1,46.9,3.9,458.1,28776,21157,6451,7619
"302",6,"Hessen",2016,68.3,47.4,3.7,453,29377,21314,6810,8063
"303",6,"Hessen",2018,68.4,48.5,3.8,452.6,30329,21515,0,8814
"304",6,"Hessen",2017,NA,49.2,3.4,453.2,30660,21120,8353,9540
"305",6,"Hessen",1996,NA,NA,NA,NA,36248,25532,8427,10716
"306",6,"Hessen",1997,NA,NA,NA,NA,36108,26210,7743,9898
"307",6,"Hessen",1998,NA,NA,NA,NA,35932,25975,8051,9957
"308",6,"Hessen",1999,NA,NA,NA,NA,38001,27650,8359,10351
"309",6,"Hessen",2001,NA,NA,NA,NA,36999,26953,8172,10046
"310",6,"Hessen",2002,NA,NA,NA,NA,36525,26596,8034,9929
"311",6,"Hessen",2003,NA,NA,NA,NA,35764,26044,7987,9720
"312",6,"Hessen",2004,NA,NA,NA,NA,34867,25315,8079,9552
"313",7,"Rheinland-Pfalz",1995,111.1,70.4,10.8,602,27910,17953,8642,9957
"314",7,"Rheinland-Pfalz",2000,98.1,68.6,9,623.8,27647,18934,7219,8713
"315",7,"Rheinland-Pfalz",2005,90.1,65.1,7,554,26431,17156,8241,9275
"316",7,"Rheinland-Pfalz",2006,82.9,60.8,6.6,516.5,24669,16166,7607,8503
"317",7,"Rheinland-Pfalz",2007,94,61.7,5.4,531.8,24981,16607,7496,8374
"318",7,"Rheinland-Pfalz",2008,90.6,59.9,5.6,516.4,24208,15966,7281,8242
"319",7,"Rheinland-Pfalz",2009,86.3,58.2,5.5,502.3,23405,15512,6925,7893
"320",7,"Rheinland-Pfalz",2010,82.2,56.5,5.1,478.9,22626,14746,6967,7880
"321",7,"Rheinland-Pfalz",2011,82.9,58,4.8,513.8,23169,15816,6491,7353
"322",7,"Rheinland-Pfalz",2012,78.8,55.9,5.2,487.2,22301,14977,6433,7324
"323",7,"Rheinland-Pfalz",2013,74.6,53.5,4.4,464.7,21346,14288,6201,7058
"324",7,"Rheinland-Pfalz",2014,73.4,53.2,4.4,477.5,21300,14785,5729,6515
"325",7,"Rheinland-Pfalz",2015,72.5,53,4.8,473.6,21383,14778,5785,6605
"326",7,"Rheinland-Pfalz",2016,73.3,54.1,4,484.2,21976,15188,5940,6788
"327",7,"Rheinland-Pfalz",2018,70.5,53.4,4.1,475.3,21779,14960,0,6819
"328",7,"Rheinland-Pfalz",2017,NA,54.1,4.3,469.9,22016,14806,6272,7210
"329",7,"Rheinland-Pfalz",1996,NA,NA,NA,NA,26273,17608,7369,8665
"330",7,"Rheinland-Pfalz",1997,NA,NA,NA,NA,26222,17855,7083,8367
"331",7,"Rheinland-Pfalz",1998,NA,NA,NA,NA,26479,17912,7351,8567
"332",7,"Rheinland-Pfalz",1999,NA,NA,NA,NA,28028,19405,7239,8623
"333",7,"Rheinland-Pfalz",2001,NA,NA,NA,NA,28801,18693,8733,10108
"334",7,"Rheinland-Pfalz",2002,NA,NA,NA,NA,28817,18581,8968,10236
"335",7,"Rheinland-Pfalz",2003,NA,NA,NA,NA,28287,18482,8492,9805
"336",7,"Rheinland-Pfalz",2004,NA,NA,NA,NA,27149,17369,8748,9780
"337",8,"Baden-Württemberg, Land",1995,87.8,55,9.3,508.4,56636,38433,15154,18203
"338",8,"Baden-Württemberg, Land",2000,88.2,59.8,7.9,559.9,62787,43371,16582,19416
"339",8,"Baden-Württemberg, Land",2005,77.6,54.5,5.9,497.9,58445,40227,15631,18218
"340",8,"Baden-Württemberg, Land",2006,75,53.4,6.3,494.1,57288,40096,14746,17192
"341",8,"Baden-Württemberg, Land",2007,85,53.9,5.8,495.7,57900,40634,14987,17266
"342",8,"Baden-Württemberg, Land",2008,79.3,50.6,5.1,456.7,54430,37955,14200,16475
"343",8,"Baden-Württemberg, Land",2009,74.6,48.2,5,436.4,51811,35922,13724,15889
"344",8,"Baden-Württemberg, Land",2010,71.8,47,4.6,415.7,50544,33931,14694,16613
"345",8,"Baden-Württemberg, Land",2011,72.7,49.7,4.6,450.7,52174,36531,13751,15643
"346",8,"Baden-Württemberg, Land",2012,70.7,48.9,4.5,442.3,51566,35856,13815,15710
"347",8,"Baden-Württemberg, Land",2013,69.2,48.3,4.4,430.5,51162,35240,14151,15922
"348",8,"Baden-Württemberg, Land",2014,68.3,48.1,4.4,444.5,51390,36481,13115,14909
"349",8,"Baden-Württemberg, Land",2015,67.1,47.7,4.5,445.8,51501,37014,12756,14487
"350",8,"Baden-Württemberg, Land",2016,66.3,47.5,3.7,440.7,51898,36950,13136,14948
"351",8,"Baden-Württemberg, Land",2018,63.2,46.4,4,435.4,51267,37330,0,13937
"352",8,"Baden-Württemberg, Land",2017,NA,46.9,4.2,430.5,51491,36724,13036,14767
"353",8,"Baden-Württemberg, Land",1996,NA,NA,NA,NA,56941,37774,16020,19167
"354",8,"Baden-Württemberg, Land",1997,NA,NA,NA,NA,59145,39987,16092,19158
"355",8,"Baden-Württemberg, Land",1998,NA,NA,NA,NA,60707,41106,16806,19601
"356",8,"Baden-Württemberg, Land",1999,NA,NA,NA,NA,63059,43042,17249,20017
"357",8,"Baden-Württemberg, Land",2001,NA,NA,NA,NA,62882,43149,17026,19733
"358",8,"Baden-Württemberg, Land",2002,NA,NA,NA,NA,61377,42050,16664,19327
"359",8,"Baden-Württemberg, Land",2003,NA,NA,NA,NA,59536,41561,15392,17975
"360",8,"Baden-Württemberg, Land",2004,NA,NA,NA,NA,58566,40425,15476,18141
"361",9,"Bayern",1995,100.8,65.6,13.4,703.4,78465,61060,14486,17405
"362",9,"Bayern",2000,92,65.7,11.9,713.9,80093,63116,13794,16977
"363",9,"Bayern",2005,74.9,56.2,7.9,596.2,69940,55559,11771,14381
"364",9,"Bayern",2006,73.4,55.9,7.3,588.8,69712,54832,12466,14880
"365",9,"Bayern",2007,84.2,56.6,7.9,597.1,70775,56162,12385,14613
"366",9,"Bayern",2008,79.9,54.3,6.3,567.9,67949,53774,12058,14175
"367",9,"Bayern",2009,77.6,53.6,6.3,560,67003,52912,12061,14091
"368",9,"Bayern",2010,75,52.5,5.6,540.4,65732,50969,12830,14763
"369",9,"Bayern",2011,73.9,53.3,6.3,566.2,66220,53119,10961,13101
"370",9,"Bayern",2012,72.3,52.7,5.3,556.7,65774,52245,11546,13529
"371",9,"Bayern",2013,70.5,51.8,5.4,547.5,65101,51819,11326,13282
"372",9,"Bayern",2014,68.5,50.9,4.9,549.8,64404,52521,10038,11883
"373",9,"Bayern",2015,68.9,51.7,4.8,557.4,66006,53827,10308,12179
"374",9,"Bayern",2016,68.4,51.9,4.8,556.9,66832,54500,10374,12332
"375",9,"Bayern",2018,63.9,49.8,4.7,539.2,64904,53962,0,10942
"376",9,"Bayern",2017,NA,50.2,4.7,537.3,65042,53140,9783,11902
"377",9,"Bayern",1996,NA,NA,NA,NA,76686,59240,13757,17446
"378",9,"Bayern",1997,NA,NA,NA,NA,76516,60008,13036,16508
"379",9,"Bayern",1998,NA,NA,NA,NA,77746,61361,13229,16385
"380",9,"Bayern",1999,NA,NA,NA,NA,81764,64368,14154,17396
"381",9,"Bayern",2001,NA,NA,NA,NA,81856,64201,14731,17655
"382",9,"Bayern",2002,NA,NA,NA,NA,77593,61041,13581,16552
"383",9,"Bayern",2003,NA,NA,NA,NA,76697,60232,13681,16465
"384",9,"Bayern",2004,NA,NA,NA,NA,69881,57528,9309,12353
